{"cameraMode":{"drawMode":0,"name":"Shaded","section":"Shading Mode"},"sceneLighting":false,"audioPlay":false,"sceneViewState":{"showFog":true,"showMaterialUpdate":false,"showSkybox":true,"showFlares":true,"showImageEffects":true,"showParticleSystems":true},"in2DMode":false,"pivot":{"x":1230.85986328125,"y":1286.519287109375,"z":-1835.08984375},"rotation":{"x":-0.05037409067153931,"y":-0.8131480813026428,"z":0.07117665559053421,"w":-0.5754880905151367},"size":7.739120960235596,"orthographic":false}