{"cameraMode":{"drawMode":0,"name":"Shaded","section":"Shading Mode"},"sceneLighting":false,"audioPlay":false,"sceneViewState":{"showFog":true,"showMaterialUpdate":false,"showSkybox":true,"showFlares":true,"showImageEffects":true,"showParticleSystems":true},"in2DMode":false,"pivot":{"x":-0.1294904351234436,"y":0.7699007987976074,"z":0.16541361808776856},"rotation":{"x":-0.05037409067153931,"y":-0.8131480813026428,"z":0.07117665559053421,"w":-0.5754880905151367},"size":4.59914493560791,"orthographic":false}