{"cameraMode":{"drawMode":0,"name":"Shaded","section":"Shading Mode"},"sceneLighting":false,"audioPlay":false,"sceneViewState":{"showFog":true,"showMaterialUpdate":false,"showSkybox":true,"showFlares":true,"showImageEffects":true,"showParticleSystems":true},"in2DMode":false,"pivot":{"x":3.3000001907348635,"y":3.1800003051757814,"z":0.0},"rotation":{"x":-0.05037409067153931,"y":-0.8131480813026428,"z":0.07117665559053421,"w":-0.5754880905151367},"size":6.657755374908447,"orthographic":false}