{"cameraMode":{"drawMode":0,"name":"Shaded","section":"Shading Mode"},"sceneLighting":false,"audioPlay":false,"sceneViewState":{"showFog":true,"showMaterialUpdate":false,"showSkybox":true,"showFlares":true,"showImageEffects":true,"showParticleSystems":true},"in2DMode":false,"pivot":{"x":-5.960464477539063e-8,"y":0.3464120030403137,"z":-0.008713960647583008},"rotation":{"x":-0.05037409067153931,"y":-0.8131480813026428,"z":0.07117665559053421,"w":-0.5754880905151367},"size":2.3154213428497316,"orthographic":false}