{"cameraMode":{"drawMode":0,"name":"Shaded","section":"Shading Mode"},"sceneLighting":false,"audioPlay":false,"sceneViewState":{"showFog":true,"showMaterialUpdate":false,"showSkybox":true,"showFlares":true,"showImageEffects":true,"showParticleSystems":true},"in2DMode":false,"pivot":{"x":363.8302001953125,"y":0.2155502885580063,"z":578.7024536132813},"rotation":{"x":-0.05037409067153931,"y":-0.8131480813026428,"z":0.07117665559053421,"w":-0.5754880905151367},"size":36.401798248291019,"orthographic":false}