{"cameraMode":{"drawMode":0,"name":"Shaded","section":"Shading Mode"},"sceneLighting":false,"audioPlay":false,"sceneViewState":{"showFog":true,"showMaterialUpdate":false,"showSkybox":true,"showFlares":true,"showImageEffects":true,"showParticleSystems":true},"in2DMode":false,"pivot":{"x":-1.6391277313232423e-7,"y":0.2657361626625061,"z":-0.014620333909988404},"rotation":{"x":0.3562670350074768,"y":-0.04977957159280777,"z":0.018996963277459146,"w":0.9328638315200806},"size":1.3205732107162476,"orthographic":false}