{"cameraMode":{"drawMode":0,"name":"Shaded","section":"Shading Mode"},"sceneLighting":false,"audioPlay":false,"sceneViewState":{"showFog":true,"showMaterialUpdate":false,"showSkybox":true,"showFlares":true,"showImageEffects":true,"showParticleSystems":true},"in2DMode":false,"pivot":{"x":9.0,"y":7.700007915496826,"z":8.999999046325684},"rotation":{"x":-0.23194381594657899,"y":0.15848354995250703,"z":-0.03833308443427086,"w":-0.9589658975601196},"size":19.046676635742189,"orthographic":false}