{"cameraMode":{"drawMode":0,"name":"Shaded","section":"Shading Mode"},"sceneLighting":false,"audioPlay":false,"sceneViewState":{"showFog":true,"showMaterialUpdate":false,"showSkybox":true,"showFlares":true,"showImageEffects":true,"showParticleSystems":true},"in2DMode":false,"pivot":{"x":-1.6391277313232423e-7,"y":0.2657361626625061,"z":-0.014620333909988404},"rotation":{"x":0.0005326856044121087,"y":0.8023924231529236,"z":-0.0007393582491204143,"w":0.5967960953712463},"size":1.3205732107162476,"orthographic":false}