{"cameraMode":{"drawMode":0,"name":"Shaded","section":"Shading Mode"},"sceneLighting":false,"audioPlay":false,"sceneViewState":{"showFog":true,"showMaterialUpdate":false,"showSkybox":true,"showFlares":true,"showImageEffects":true,"showParticleSystems":true},"in2DMode":false,"pivot":{"x":-5.960464477539063e-8,"y":0.3464120030403137,"z":-0.008713960647583008},"rotation":{"x":0.22769464552402497,"y":-0.17100809514522553,"z":0.04066750779747963,"w":0.9577356576919556},"size":2.3154213428497316,"orthographic":false}