{"cameraMode":{"drawMode":0,"name":"Shaded","section":"Shading Mode"},"sceneLighting":false,"audioPlay":false,"sceneViewState":{"showFog":true,"showMaterialUpdate":false,"showSkybox":true,"showFlares":true,"showImageEffects":true,"showParticleSystems":true},"in2DMode":false,"pivot":{"x":0.4596344828605652,"y":7.722896099090576,"z":8.364714622497559},"rotation":{"x":0.3562670350074768,"y":-0.04977957159280777,"z":0.018996963277459146,"w":0.9328638315200806},"size":12.858036041259766,"orthographic":false}