{"cameraMode":{"drawMode":0,"name":"Shaded","section":"Shading Mode"},"sceneLighting":false,"audioPlay":false,"sceneViewState":{"showFog":true,"showMaterialUpdate":false,"showSkybox":true,"showFlares":true,"showImageEffects":true,"showParticleSystems":true},"in2DMode":false,"pivot":{"x":1230.85986328125,"y":1286.519287109375,"z":-1835.08984375},"rotation":{"x":0.10032769292593003,"y":0.01711972989141941,"z":-0.0017442989628762007,"w":0.9948056936264038},"size":7.739120960235596,"orthographic":false}