{"cameraMode":{"drawMode":0,"name":"Shaded","section":"Shading Mode"},"sceneLighting":false,"audioPlay":false,"sceneViewState":{"showFog":true,"showMaterialUpdate":false,"showSkybox":true,"showFlares":true,"showImageEffects":true,"showParticleSystems":true},"in2DMode":false,"pivot":{"x":3.3000001907348635,"y":3.1800003051757814,"z":0.0},"rotation":{"x":-0.08860006183385849,"y":0.6129690408706665,"z":-0.06944388151168823,"w":-0.7820463180541992},"size":6.657755374908447,"orthographic":false}