{"cameraMode":{"drawMode":0,"name":"Shaded","section":"Shading Mode"},"sceneLighting":false,"audioPlay":false,"sceneViewState":{"showFog":true,"showMaterialUpdate":false,"showSkybox":true,"showFlares":true,"showImageEffects":true,"showParticleSystems":true},"in2DMode":false,"pivot":{"x":-0.1294904351234436,"y":0.7699007987976074,"z":0.16541361808776856},"rotation":{"x":0.02415749803185463,"y":-0.9704926013946533,"z":0.10994812846183777,"w":0.2132415622472763},"size":4.59914493560791,"orthographic":false}