{"cameraMode":{"drawMode":0,"name":"Shaded","section":"Shading Mode"},"sceneLighting":false,"audioPlay":false,"sceneViewState":{"showFog":true,"showMaterialUpdate":false,"showSkybox":true,"showFlares":true,"showImageEffects":true,"showParticleSystems":true},"in2DMode":false,"pivot":{"x":363.8302001953125,"y":0.2155502885580063,"z":578.7024536132813},"rotation":{"x":0.03739771619439125,"y":0.9569714665412903,"z":-0.14346806704998017,"w":0.24944745004177094},"size":36.401798248291019,"orthographic":false}